xmin,ymin,xmax,ymax,confidence,class,name
492.2234802246094,0.15283584594726562,672.2407836914062,310.0107727050781,0.5449280142784119,72,refrigerator
612.7516479492188,160.4093780517578,956.8699951171875,345.60662841796875,0.46347442269325256,56,chair
