xmin,ymin,xmax,ymax,confidence,class,name
0.0,0.0,841.00341796875,720.0,0.372463196516037,0,person
373.55877685546875,343.4686279296875,945.6110229492188,720.0,0.36370864510536194,0,person
491.88116455078125,0.7291259765625,673.9850463867188,306.0661926269531,0.361575722694397,72,refrigerator
