xmin,ymin,xmax,ymax,confidence,class,name
614.1502685546875,149.64952087402344,958.425537109375,413.69287109375,0.5962806940078735,56,chair
0.0,13.674819946289062,569.6947021484375,718.9429321289062,0.46088218688964844,0,person
0.7990036010742188,406.7969970703125,441.7158508300781,719.8641967773438,0.450624018907547,15,cat
496.034912109375,0.0,677.3302001953125,296.1085510253906,0.30613449215888977,72,refrigerator
