xmin,ymin,xmax,ymax,confidence,class,name
613.662109375,146.62579345703125,957.766357421875,417.2152404785156,0.560468316078186,56,chair
499.2891540527344,0.0,676.4531860351562,293.2150573730469,0.5078564882278442,72,refrigerator
0.0,15.032707214355469,725.421875,717.5814208984375,0.37486836314201355,0,person
455.0087890625,333.256591796875,956.9064331054688,719.2636108398438,0.3390353322029114,65,remote
