xmin,ymin,xmax,ymax,confidence,class,name
32.74772644042969,10.416160583496094,733.14013671875,709.2738647460938,0.6652045845985413,0,person
