xmin,ymin,xmax,ymax,confidence,class,name
14.048011779785156,7.040565490722656,742.3245849609375,720.0,0.3575955033302307,0,person
