xmin,ymin,xmax,ymax,confidence,class,name
499.28741455078125,0.17300033569335938,669.4012451171875,316.05633544921875,0.612861692905426,72,refrigerator
612.2847900390625,150.1500701904297,958.1836547851562,405.9394226074219,0.5691860914230347,56,chair
1.2173995971679688,2.1969451904296875,558.4754028320312,720.0,0.49048709869384766,0,person
