xmin,ymin,xmax,ymax,confidence,class,name
20.330337524414062,8.828842163085938,736.5560302734375,710.4979858398438,0.6504106521606445,0,person
